{
  "training_status": "completed",
  "start_time": null,
  "end_time": "2025-07-07T00:24:53.157907",
  "epochs_completed": 10,
  "errors": [
    "Training error: matmul: Input operand 1 has a mismatch in its core dimension 0, with gufunc signature (n?,k),(k,m?)->(n?,m?) (size 3 is different from 2)"
  ],
  "output_summary": {
    "final_loss": 0.05079730554030906,
    "loss_history": [
      1.7491050645034827,
      1.0899573659438961,
      0.7014516668381487,
      0.4584578477847568,
      0.30333776252599004,
      0.20352618618137738,
      0.13894463679324925,
      0.09687466667379545,
      0.06921327617168588,
      0.05079730554030906
    ],
    "phases": {
      "phase_1": {
        "sample_count": 9,
        "epochs": 10,
        "final_loss": 0.05079730554030906,
        "loss_history": [
          1.7491050645034827,
          1.0899573659438961,
          0.7014516668381487,
          0.4584578477847568,
          0.30333776252599004,
          0.20352618618137738,
          0.13894463679324925,
          0.09687466667379545,
          0.06921327617168588,
          0.05079730554030906
        ]
      }
    }
  },
  "sample_count": 9
}